A,0.014976,0.695032
AAL,-0.000929,0.546324
AAP,0.017153,1.197491
AAPL,0.009474,0.232606
ABBV,0.035702,0.963517
ABC,0.016023,0.520770
ABMD,0.029007,1.147803
ABT,0.007112,0.282418
ACGL,0.005782,0.151167
ACN,0.035842,1.087773
ADBE,0.025789,1.186078
ADI,0.011195,0.617585
ADM,0.005854,0.283696
ADP,0.016743,0.489200
ADSK,0.014802,0.794842
AEE,0.005274,0.441890
AEP,0.002889,0.340760
AES,0.002262,0.272579
AFL,0.004519,0.201525
AIG,0.002130,4.727105
AIZ,0.015347,0.834687
AJG,0.013661,0.340477
AKAM,-0.006516,1.067875
ALB,0.024205,0.912959
ALGN,0.022750,2.122755
ALK,0.002844,0.305292
ALL,0.010722,0.586322
ALLE,0.019127,1.027503
AMAT,0.007160,0.397478
AMCR,0.001258,0.076312
AMD,0.004388,0.420925
AME,0.010099,0.280865
AMGN,0.018852,0.854881
AMP,0.045694,1.564976
AMT,0.022752,1.038509
AMZN,0.009889,0.474328
ANET,0.038326,1.023870
ANSS,0.026010,1.141351
AON,0.019783,0.581087
AOS,0.004071,0.184311
APA,0.002656,0.600581
APD,0.020579,0.763980
APH,0.007191,0.195214
APTV,0.019708,1.206058
ARE,0.014116,0.966618
ATO,0.007937,0.348555
ATVI,0.007123,0.301053
AVB,0.014521,1.162682
AVGO,0.113771,3.012540
AVY,0.009910,0.508939
AWK,0.025919,0.741294
AXP,0.008334,0.482940
AZO,0.206091,4.068106
BA,0.008370,0.771026
BAC,0.001546,0.244975
BALL,0.002943,0.158990
BAX,0.003283,0.284545
BBWI,0.002691,0.329056
BBY,0.006101,0.525541
BDX,0.013840,0.587737
BEN,0.001929,0.285470
BIIB,0.025251,1.895764
BIO,0.027670,1.241791
BK,0.002441,0.307219
BKNG,0.179092,12.186886
BKR,0.000816,0.664196
BLK,0.083789,3.560378
BMY,0.004090,0.316960
BR,0.021775,0.720162
BRO,0.003844,0.115895
BSX,0.003844,0.273996
BWA,0.003546,0.353023
BXP,0.004435,1.005560
C,0.001809,1.954392
CAG,0.002418,0.182104
CAH,0.005348,0.477649
CARR,0.032352,0.629073
CAT,0.010507,0.505354
CB,0.019115,0.794624
CBOE,0.019825,0.836015
CBRE,0.010909,0.535317
CCI,0.014856,0.807264
CCL,0.000385,0.451986
CDAY,0.022500,1.424310
CDNS,0.012816,0.451846
CDW,0.050524,1.151637
CE,0.014230,0.961649
CEG,0.148902,1.471383
CF,0.014933,0.681260
CFG,0.005603,0.523179
CHD,0.005241,0.166606
CHRW,0.009782,0.641283
CHTR,0.075699,3.428324
CI,0.021823,0.724831
CINF,0.006807,0.388273
CL,0.004235,0.233457
CLX,0.007811,0.473006
CMA,0.004066,0.500229
CMCSA,0.002345,0.165606
CME,0.023188,1.277419
CMG,0.244010,7.652235
CMI,0.013056,0.635397
CMS,0.001919,0.255687
CNC,0.010663,0.398575
CNP,0.000904,0.164757
COF,0.009121,1.005085
COO,0.020474,1.025279
COP,0.007238,0.457099
COST,0.035864,0.991702
CPB,0.002980,0.263020
CPRT,0.005943,0.151481
CPT,0.008890,0.628955
CRL,0.022857,1.214753
CRM,0.019463,1.206262
CSCO,0.004134,0.353497
CSGP,0.009079,0.285359
CSX,0.002103,0.082102
CTAS,0.032133,0.811663
CTLT,0.008763,0.932405
CTRA,0.001956,0.193244
CTSH,0.006594,0.429847
CTVA,0.025897,0.618237
CVS,0.005473,0.315309
CVX,0.007648,0.466786
CZR,0.016045,0.973133
D,0.003639,0.308347
DAL,0.002220,0.535605
DD,0.003445,0.511010
DE,0.023542,0.688472
DFS,0.013745,0.783671
DG,0.046197,1.111352
DGX,0.015408,0.649648
DHI,0.007682,0.402181
DHR,0.017228,0.417175
DIS,0.004250,0.341313
DISH,0.001397,0.559777
DLR,0.014971,0.986521
DLTR,0.014137,0.553426
DOV,0.009040,0.400208
DOW,0.001290,0.889108
DPZ,0.051787,1.711936
DRI,0.013811,0.641504
DTE,0.004250,0.301181
DUK,0.006193,0.442157
DVA,0.007166,0.482710
DVN,0.004126,0.590012
DXC,0.001749,0.321031
DXCM,0.018076,0.538267
EA,0.010313,0.658781
EBAY,0.004848,0.332751
ECL,0.008257,0.435565
ED,0.003971,0.265714
EFX,0.013208,0.576943
EIX,0.003400,0.301161
EL,0.024225,0.901623
ELV,0.064671,1.780672
EMN,0.006182,0.621372
EMR,0.005121,0.339367
ENPH,0.081496,1.581770
EOG,0.010308,0.681555
EPAM,0.088468,3.027729
EQIX,0.035177,3.602735
EQR,0.004652,0.501306
EQT,0.002336,0.226115
ES,0.003873,0.266934
ESS,0.019569,1.438010
ETN,0.008743,0.354039
ETR,0.005281,0.457728
ETSY,0.036312,2.083710
EVRG,0.002759,0.236485
EW,0.008990,0.353878
EXC,0.001907,0.197051
EXPD,0.008043,0.372372
EXPE,0.007295,1.370317
EXR,0.021685,0.714280
F,0.000619,0.146367
FANG,0.031992,1.713784
FAST,0.003882,0.168066
FBHS,0.012304,0.764327
FCX,0.002696,0.472110
FDS,0.046825,1.318530
FDX,0.010783,0.927851
FE,0.001861,0.425025
FFIV,0.017122,1.345615
FIS,0.006258,0.697084
FISV,0.007657,0.287344
FITB,0.002075,0.294583
FLT,0.037428,2.181454
FMC,0.008105,0.351223
FOX,-0.006681,0.502648
FOXA,-0.004351,0.540517
FRC,0.021890,1.092951
FRT,0.005804,0.524908
FTNT,0.011114,0.299703
FTV,0.011518,0.698114
GD,0.011140,0.448726
GE,0.003454,1.212020
GEN,0.001823,0.214777
GILD,0.007810,0.397525
GIS,0.005503,0.226838
GL,0.007394,0.303296
GLW,0.002128,0.306725
GM,0.001039,0.526776
GNRC,0.018336,1.850520
GOOG,0.013954,0.474089
GOOGL,0.013919,0.478405
GPC,0.011137,0.450111
GPN,0.011961,0.774722
GRMN,0.010803,0.734383
GS,0.034591,2.366481
GWW,0.031903,1.072938
HAL,0.001791,0.335972
HAS,0.003880,0.396260
HBAN,0.000793,0.158086
HCA,0.049367,1.421709
HD,0.022107,0.703912
HES,0.008289,0.638369
HIG,0.005163,0.690501
HII,0.045392,1.818307
HLT,0.028586,1.120172
HOLX,0.006129,0.283266
HON,0.009283,0.437428
HPE,0.002539,0.202745
HPQ,0.001291,0.135252
HRL,0.002972,0.117655
HSIC,0.007960,0.358571
HST,0.000945,0.232270
HSY,0.015085,0.441419
HUM,0.034321,1.138440
HWM,0.009086,0.437057
IBM,0.006437,0.659341
ICE,0.015800,0.630797
IDXX,0.037781,1.176553
IEX,0.019528,0.565903
IFF,0.005704,0.514928
ILMN,0.023391,2.051530
INCY,0.007623,0.792942
INTC,0.001820,0.328492
INTU,0.039174,1.349850
INVH,0.005628,0.322674
IP,0.001295,0.330419
IPG,0.002094,0.210151
IQV,0.049840,1.543926
IR,0.016869,0.594918
IRM,0.005360,0.299773
ISRG,0.034049,1.093478
IT,0.032709,0.845382
ITW,0.012357,0.469542
IVZ,0.001285,0.385138
J,0.007826,0.434538
JBHT,0.012807,0.491239
JCI,0.004638,0.569047
JKHY,0.013497,0.448854
JNJ,0.008041,0.319096
JNPR,0.001942,0.795283
JPM,0.008266,0.574977
K,0.003949,0.310453
KDP,0.002276,0.462654
KEY,0.000872,0.249886
KEYS,0.052739,1.159099
KHC,-0.012142,0.563376
KIM,0.001543,0.237804
KLAC,0.026475,1.045616
KMB,0.008725,0.524722
KMI,-0.002970,0.291319
KMX,0.005996,0.606062
KO,0.002863,0.157026
KR,0.002000,0.116026
L,0.003592,0.249298
LDOS,0.010535,0.671138
LEN,0.005726,0.431187
LH,0.016940,0.943485
LHX,0.013802,0.594467
LIN,0.030039,0.969999
LKQ,0.007487,0.296205
LLY,0.019213,0.586853
LMT,0.028561,0.928849
LNC,0.001496,0.501051
LNT,0.002825,0.159387
LOW,0.013500,0.438174
LRCX,0.033592,1.494869
LUMN,0.000307,0.253997
LUV,0.002395,0.237319
LVS,0.000321,1.004779
LW,0.025094,0.867095
LYB,0.013469,1.143950
LYV,0.010211,0.582373
MA,0.058311,1.652677
MAA,0.013655,0.678648
MAR,0.016204,0.794081
MAS,0.003140,0.277621
MCD,0.013292,0.401806
MCHP,0.007097,0.376325
MCK,0.034560,1.144911
MCO,0.028561,1.004336
MDLZ,0.004629,0.361518
MDT,0.004403,0.357313
MET,0.007170,0.576855
META,0.021217,2.327692
MGM,0.002745,0.364176
MHK,0.008591,1.198546
MKC,0.004713,0.171374
MKTX,0.041130,2.012998
MLM,0.032691,1.636169
MMC,0.009373,0.344432
MMM,0.005532,0.504148
MNST,0.007418,0.216586
MO,0.002094,0.252876
MOH,0.047208,1.194869
MOS,0.002789,0.610262
MPC,0.022075,0.839998
MPWR,0.059363,2.018689
MRNA,0.121977,4.535440
MRO,0.001097,0.180238
MS,0.007805,0.722778
MSCI,0.088237,2.215320
MSFT,0.019132,0.610391
MSI,0.011937,0.694470
MTB,0.009328,0.770656
MTCH,0.004265,0.447174
MTD,0.163553,3.944019
MU,0.003825,0.501619
NCLH,-0.002699,0.660979
NDAQ,0.008031,0.236969
NDSN,0.015176,0.536320
NEE,0.004666,0.137812
NEM,0.002363,0.581578
NFLX,0.042501,2.261713
NI,0.001271,0.086407
NKE,0.007340,0.293643
NOC,0.034613,0.983060
NOW,0.102532,4.172942
NRG,0.003422,0.407594
NSC,0.017101,0.743812
NTAP,0.006438,0.763454
NTRS,0.005756,0.560209
NUE,0.009522,0.475842
NVDA,0.020664,0.696182
NVR,0.344092,12.961722
NWL,0.000852,0.276321
NWS,0.000993,0.201063
NWSA,0.000837,0.202821
NXPI,0.035530,1.576962
O,0.005563,0.359945
ODFL,0.026687,0.603917
OGN,-0.008737,0.526842
OKE,0.004092,0.258662
OMC,0.005087,0.386573
ON,0.005758,0.323060
ORCL,0.005996,0.308971
ORLY,0.075407,1.484067
OTIS,0.035736,0.886957
OXY,0.003529,0.516958
PARA,-0.001131,0.547946
PAYC,0.099058,3.674794
PAYX,0.008577,0.381109
PCAR,0.006468,0.370984
PCG,0.000102,0.271749
PEAK,0.001516,0.257190
PEG,0.003490,0.260046
PEP,0.009875,0.383311
PFE,0.002831,0.200594
PFG,0.008917,0.623722
PG,0.006775,0.292082
PGR,0.008214,0.226365
PH,0.018772,0.827774
PHM,0.002921,0.243761
PKG,0.014901,0.677133
PKI,0.008081,0.377315
PLD,0.010717,0.600741
PM,0.009831,0.780110
PNC,0.008806,0.658649
PNR,0.002513,0.216937
PNW,0.003134,0.356002
POOL,0.033714,1.112646
PPG,0.008480,0.491297
PPL,0.001635,0.188141
PRU,0.009638,0.998736
PSA,0.018731,0.895889
PSX,0.017483,1.126519
PTC,0.010386,0.743261
PWR,0.015991,0.551293
PXD,0.020287,1.581231
PYPL,0.013614,1.923211
QCOM,0.010856,0.768290
QRVO,0.010958,1.755577
RCL,0.004310,0.798377
RE,0.031383,1.349991
REG,0.004365,0.535972
REGN,0.062743,2.573201
RF,0.001284,0.188736
RHI,0.004864,0.354484
RJF,0.007698,0.290076
RL,0.008552,1.240794
RMD,0.022179,0.665976
ROK,0.017620,0.935728
ROL,0.002441,0.072490
ROP,0.039233,1.204007
ROST,0.008575,0.319857
RSG,0.013369,0.399400
RTX,0.004477,0.239775
SBAC,0.034099,1.235907
SBNY,0.014700,1.521847
SBUX,0.009147,0.324280
SCHW,0.006015,0.363398
SEDG,0.108883,3.476852
SEE,0.003352,0.261576
SHW,0.016564,0.480103
SIVB,0.018176,1.603913
SJM,0.012718,0.660951
SLB,0.002479,0.603711
SNA,0.012490,0.604202
SNPS,0.029361,0.849026
SO,0.004516,0.235747
SPG,0.009381,1.061681
SPGI,0.019618,0.638068
SRE,0.015235,0.711359
STE,0.017667,0.661415
STT,0.005198,0.548994
STX,0.006113,0.634625
STZ,0.021314,0.695426
SWK,0.004967,0.679472
SWKS,0.006598,0.654757
SYF,0.004053,0.497139
SYK,0.016261,0.592658
SYY,0.004546,0.230802
T,0.001068,0.232574
TAP,0.002153,0.363964
TDG,0.098494,3.292988
TDY,0.048981,1.497432
TECH,0.007028,0.276770
TEL,0.015308,0.814753
TER,0.005239,0.437732
TFC,0.002646,0.318273
TFX,0.016140,0.938559
TGT,0.008270,0.472039
TJX,0.006054,0.197383
TMO,0.036469,0.965410
TMUS,0.015004,0.804810
TPR,0.004433,0.552010
TRGP,0.010946,0.896284
TRMB,0.004504,0.284779
TROW,0.009151,0.623901
TRV,0.010372,0.503483
TSCO,0.020308,0.572650
TSLA,0.035024,1.654997
TSN,0.004009,0.306874
TT,0.011149,0.373554
TTWO,0.010737,0.723194
TXN,0.009525,0.470205
TXT,0.003770,0.316494
TYL,0.021315,0.806370
UAL,0.001181,0.853201
UDR,0.002478,0.209709
UHS,0.008471,0.514738
ULTA,0.078616,2.611808
UNH,0.038610,0.847127
UNP,0.013707,0.518642
UPS,0.013706,0.920448
URI,0.038573,1.415986
USB,0.002416,0.224209
V,0.036959,1.091144
VFC,0.001801,0.277970
VICI,0.007913,0.312560
VLO,0.007692,0.470698
VMC,0.010159,0.594927
VNO,0.001427,0.412653
VRSK,0.032706,0.963820
VRSN,0.021576,1.349658
VRTX,0.026392,1.219313
VTR,0.002332,0.571804
VTRS,0.000634,0.243330
VZ,0.002100,0.367569
WAB,0.009506,0.531355
WAT,0.034470,1.265817
WBA,0.002615,0.347735
WBD,0.000482,0.366262
WDC,0.002183,0.486163
WEC,0.006199,0.239262
WELL,0.003829,0.404498
WFC,0.002261,0.243927
WHR,0.007227,0.978106
WM,0.012875,0.454576
WMB,0.002031,0.272457
WMT,0.008024,0.382406
WRB,0.004059,0.110792
WRK,-0.007407,0.706112
WST,0.016086,0.528064
WTW,0.025855,1.269040
WY,0.000762,0.504687
WYNN,0.010016,1.942873
XEL,0.003537,0.205737
XOM,0.004747,0.342265
XRAY,0.002401,0.302060
XYL,0.022246,0.722534
YUM,0.013551,0.464307
ZBH,0.012743,0.980569
ZBRA,0.022653,1.232983
ZION,0.002975,0.426718
ZTS,0.034414,1.073382
